{
  "timestamp": 1757222255.5490847,
  "load_time_seconds": 4.866552114486694,
  "records_loaded": {
    "students": 500000,
    "grades": 10000,
    "semesters": 18,
    "subjects": 120,
    "teachers": 112
  }
}