{
  "timestamp": 1757235044.2413843,
  "load_time_seconds": 5.496253490447998,
  "records_loaded": {
    "students": 500000,
    "grades": 10000,
    "semesters": 18,
    "subjects": 120,
    "teachers": 112
  }
}