{
  "timestamp": 1757125501.164835,
  "load_time_seconds": 6.248899936676025,
  "records_loaded": {
    "students": 500000,
    "grades": 10000,
    "semesters": 15,
    "subjects": 120,
    "teachers": 112
  }
}