{
  "timestamp": 1757990042.1198916,
  "load_time_seconds": 0.07459783554077148,
  "records_loaded": {
    "students_new": 1000,
    "grades_new": 5000,
    "semesters": 19,
    "subjects_new": 51,
    "teachers": 23
  }
}