{
  "timestamp": 1758248530.4491382,
  "load_time_seconds": 0.08217597007751465,
  "records_loaded": {
    "students_new": 1000,
    "grades_new": 5000,
    "semesters": 19,
    "subjects_new": 51,
    "teachers": 23
  }
}