{
  "timestamp": 1758331489.6874506,
  "load_time_seconds": 0.0956718921661377,
  "records_loaded": {
    "students_new": 1000,
    "grades_new": 5000,
    "semesters": 19,
    "subjects_new": 51,
    "teachers": 23
  }
}