{
  "timestamp": 1758330935.4372356,
  "load_time_seconds": 0.14891457557678223,
  "records_loaded": {
    "students_new": 1000,
    "grades_new": 5000,
    "semesters": 19,
    "subjects_new": 51,
    "teachers": 23
  }
}