{
  "timestamp": 1758279749.9961753,
  "load_time_seconds": 0.21032404899597168,
  "records_loaded": {
    "students_new": 1000,
    "grades_new": 5000,
    "semesters": 19,
    "subjects_new": 51,
    "teachers": 23
  }
}