{
  "timestamp": 1758273482.4046795,
  "load_time_seconds": 0.08963751792907715,
  "records_loaded": {
    "students_new": 1000,
    "grades_new": 5000,
    "semesters": 19,
    "subjects_new": 51,
    "teachers": 23
  }
}