{
  "timestamp": 1757345676.413929,
  "load_time_seconds": 0.3277461528778076,
  "records_loaded": {
    "students_new": 1000,
    "grades_new": 5000,
    "semesters": 19,
    "subjects_new": 51,
    "teachers": 23
  }
}