{
  "timestamp": 1757472144.3148706,
  "load_time_seconds": 0.12593817710876465,
  "records_loaded": {
    "students_new": 1000,
    "grades_new": 5000,
    "semesters": 19,
    "subjects_new": 51,
    "teachers": 23
  }
}