{
  "timestamp": 1758263987.4094226,
  "load_time_seconds": 0.06428122520446777,
  "records_loaded": {
    "students_new": 1000,
    "grades_new": 5000,
    "semesters": 19,
    "subjects_new": 51,
    "teachers": 23
  }
}