{
  "timestamp": 1757683797.6607327,
  "load_time_seconds": 0.06060957908630371,
  "records_loaded": {
    "students_new": 1000,
    "grades_new": 5000,
    "semesters": 19,
    "subjects_new": 51,
    "teachers": 23
  }
}