{
<<<<<<< HEAD
  "timestamp": 1757120883.1246767,
  "load_time_seconds": 2.659421443939209,
=======
  "timestamp": 1757125501.164835,
  "load_time_seconds": 6.248899936676025,
>>>>>>> d890032b64b193aa40c1fa376e1b2224dabc7f42
  "records_loaded": {
    "students": 500000,
    "grades": 10000,
    "semesters": 15,
    "subjects": 120,
    "teachers": 112
  }
}