{
  "timestamp": 1758040880.2173922,
  "load_time_seconds": 0.09736418724060059,
  "records_loaded": {
    "students_new": 1000,
    "grades_new": 5000,
    "semesters": 19,
    "subjects_new": 51,
    "teachers": 23
  }
}