{
  "timestamp": 1757120883.1246767,
  "load_time_seconds": 2.659421443939209,
  "records_loaded": {
    "students": 500000,
    "grades": 10000,
    "semesters": 15,
    "subjects": 120,
    "teachers": 112
  }
}