{
  "timestamp": 1757337597.1294034,
  "load_time_seconds": 0.17051935195922852,
  "records_loaded": {
    "students_new": 1000,
    "grades_new": 5000,
    "semesters": 18,
    "subjects_new": 51,
    "teachers": 23
  }
}