{
  "timestamp": 1758254280.1176372,
  "load_time_seconds": 0.1224524974822998,
  "records_loaded": {
    "students_new": 1000,
    "grades_new": 5000,
    "semesters": 19,
    "subjects_new": 51,
    "teachers": 23
  }
}